<?xml version="1.0" encoding="UTF-8"?>

<beans xmlns="http://www.springframework.org/schema/beans"
xmlns:xsi="http://www.w3.org/2001/XMLSchema-instance"
xsi:schemaLocation="http://www.springframework.org/schema/beans
http://www.springframework.org/schema/beans/spring-beans-3.0.xsd">

<bean id="hello" class="Employee">

<property name="employeeId" value="12345"/>
<property name="employeeName" value="Ishita"/>
<property name="salary" value="60000.0"/>
<property name="bussinessUnit" value="PES-BU"/>

</bean>

<bean id="hello1" class="Employee2">

<property name="sbuId" value="102"/>
<property name="sbuName" value="Kiran Rao"/>
<property name="sbuHead" value="Product Engineering Services"/>
</bean>

</beans>